question,detailed_reasoning,final_answer,timestamp
What is 1 Ã— 5?,"Okay, my sweetest little explorer! Oh wow, you want me to expand EVEN MORE on every single step? That's like asking for the biggest ice cream sundae with extra sprinkles, extra whipped cream, extra cherries, and extra everything! Yay! I'm so excited because that means we get to snuggle up even closer on our soft rug, with pillows all around, and maybe some crayons to draw pictures as we go. I'll make every tiny, itty-bitty part of this adventure stretch out like taffyâ€”pulling it longer and longer so you can taste every flavor. We'll whisper every thought in my brain, like secrets, and I'll pause to ask you questions so you can nod along. If you've never ever seen numbers before, that's magical! We'll invent them together, step by squishy step, using your own hands, toys, snacksâ€”whatever's nearby. No rushing! We'll count every eyelash if we have to. Ready? Take a deep breath with me: in... out... Let's hold our pretend hands and dive into the number wonderland. I'll number the steps even tinier now, with sub-steps, because more is more!\n\n### Step 1: What is a ""thing""? (The tiniest starting pointâ€”super-duper expanded!)\n#### 1a: Feeling a thing with your senses\nLet's start smaller than small. Close your eyes for a second. *I gently pat your hand.* Feel that? That's your skin touching my finger. Now, open your eyes and look at this fluffy teddy bear I'm holding up reeeal slow. *Hold it high, turn it around.* See its soft fur? Touch its nose? Hear me squeeze itâ€”squish! Smell it if it's fresh from the laundry? Taste? Well, maybe not taste the teddy, but imagine licking a lollipopâ€”that's a thing too! A ""thing"" is anything you can sense with your body: see it, touch it, hear it giggle, whatever. My brain thinks: ""If I can point right at it and say 'you are the thing!' without it being air or nothing, then it's a thing."" Not a dreamâ€”real stuff!\n\n#### 1b: One thing vs. no thingâ€”comparing emptiness\nNow, *put the teddy behind my back and show empty hands, palms up, wiggling fingers in the air.* Nothing here! Empty space. That's ""no thing."" Like an empty tummy before breakfastâ€”grrr, hungry but no food. My thought process: ""If I reach out and grab, fingers close on air. Zero things."" Now, *bring back the teddy super slow, like magic.* Boom! One thing appears! I point once: ""There's the teddy-thing!"" Not zero grabs, not two teddies fighting. Just one. I double-check: Can I hug it all at once? Yes! One thing. Triple-check: If I close my eyes and open, is it still there? Yes! Real thing.\n\n#### 1c: Examples of one thing everywhere\nLet's hunt for one things! *Point to your nose.* One nose on your face. *Point to the sun outside.* One big sun in the sky (don't stare too long!). *Pick up one crayon.* One red crayon. My brain lists: shoe (one on your foot), ear (one on this side), cookie (if we had oneâ€”yum!). Each time, I think: ""Point once, done. That's one thing."" What if two cookies? Waitâ€”no, that's later. For now, one at a time!\n\n#### 1d: Why does ""one thing"" matter? Building the foundation\nMy deepest thought: Without knowing ""one thing,"" we can't build up. It's like the first block in a towerâ€”wobbly without it. Imagine stacking: first block (one), steady. You try: Pick one toy. Say ""one thing!"" Good job!\n\n###",5,2025-11-24T09:08:37.222197
What is 16 - 9?,"Okay, my dearest little explorer of the number world! ğŸŒŸ You asked me to **expand even more** on **every single step**, and to be **extremely verbose**. That means I'm going to take our adventure from a gentle walk to a super-slow, meandering stroll through a giant magical apple orchard. We'll stop at **every single flower, every single pebble, every single leaf** along the path. I'll explain **not just what** we're doing, but **why** we do it this way, **how** it feels in your imagination, **what could go wrong if we skip a step**, and I'll even pretend you're responding to me so we can chat along the way. \n\nImagine we're sitting cross-legged on a soft picnic blanket under a big shady tree. I've got a **huge basket of 20 shiny red apples** right here (ğŸğŸğŸğŸğŸğŸğŸğŸğŸğŸğŸğŸğŸğŸğŸğŸğŸğŸğŸğŸâ€”that's exactly 20, but we'll count them later). No rushing! We'll build our understanding like stacking tiny Lego blocks, one by one by one, until we have a towering castle of knowledge. If at any point you feel like saying ""I get it!"" or ""Wait, what?"", just imagine whispering itâ€”I'll answer right there.\n\nReady? Deep breath in... deep breath out... Let's begin at the **absolute very, very beginning**â€”even before numbers. This might seem silly, but it's like learning to walk before you run. Skipping this would be like trying to eat cake without knowing what flour is!\n\n### **Mega-Step 0: What is ""Counting"" Before Numbers Even Exist? (The Pre-Number Warm-Up)**\nBefore we invent numbers, we need to understand **counting**. Counting isn't magicâ€”it's a game we play with our eyes, fingers, and voice to keep track of **separate things** (like apples that aren't stuck together).\n\n- **Sub-sub-step 0.1: Pick one thing.** Look at **one single apple** right in front of you. ğŸ Say out loud: ""This is the first apple."" Touch it gently. Feel its smooth skin. Why? Because we're **matching** this real apple to a ""first"" idea in your brain. Without touching, your mind might wander to butterflies or clouds.\n  \n- **Sub-sub-step 0.2: Add a second thing.** Now, put **another apple** next to it. ğŸğŸ Say: ""This is the first apple... and this is the second apple."" Point to each one **separately**. Don't let them roll together! Why point separately? If they touch, you might think they're one big apple-blob. Imagine you say, ""Hi first apple! Hi second apple!"" They're like two friends holding hands but still two people.\n\n- **Sub-sub-step 0.3: What if nothing?** Empty your hands. No apples. Say: ""Zero things. Nada. Empty."" Stare at your empty palms. Wiggle your fingers. Why? This teaches ""absence""â€”the starting point. Without zero, we'd get confused, like starting a race without a starting line.\n\n- **Sub-sub-step 0.4: Keep matching.** Add a third: ğŸğŸğŸ ""First, second, third."" Fourth: ğŸğŸğŸğŸ ""First, second, third, **fourth**."" Go slowâ€”say each word like you're tasting ice cream. Count up to 5 now: ğŸğŸğŸğŸğŸ. Imagine me asking: ""How many do you see? Point and say the numbers!"" (You're saying ""Five!"" Yay!)\n\nWhy all this? Counting is the **foundation**. Without it, numbers are just squiggles on paper, like alien drawings. We've now counted to 5",7,2025-11-24T09:09:12.889960
What is 17 + 14?,"### Ultra-Detailed Step 0: Why Are We Doing This? (Setting Our Minds Like a Clean Playground)\nBefore we touch any numbers, let's make sure our brains are like a big, empty sandbox ğŸ–ï¸ â€” no old toys or dirt messing it up. We're going to learn ""17 + 14"" by pretending numbers are real things you can touch, see, hear, and even taste if they were candy (but they're not â€” safety first!). \n\nMy very first thought: ""The child has *never* seen numbers, so I can't assume they know 'one' means anything. Start from absolute zero: What is 'counting'?"" \n\nWe'll use:\n- **Teddy bears ğŸ§¸** for small counts (soft, huggable, fun).\n- **Tally sticks |** for lines (like scratching marks on a cave wall, ancient human way).\n- **Apples ğŸ** for groups (round, colorful, countable in a basket).\n- **Fingers ğŸ‘‹** on your hands (you have 10 total â€” 5 left + 5 right).\n- **Bundles ///////** for tens (like rubber bands around 10 sticks).\n- **Sounds**: Say numbers out loud slowly: ""One... two... three..."" to hear the rhythm.\n- **Pictures**: I'll draw with emojis and lines.\n- **Checks**: Every step, we'll count backward, forward, remove one, add one â€” triple-proof everything.\n\nBreathe deep. Ready? Let's go slower than slow. One tiny pebble at a time. ğŸª¨\n\n### Ultra-Expanded Step 1: What Are Numbers? (From Empty Hands to the First Spark of Counting â€” Every Single Breath)\nNumbers aren't magic scribbles on paper. They are *names* we give to piles of real stuff. Think of your toys scattered on the floor. Without numbers, you just say ""lots!"" But numbers say *exactly* how many. We learn by **touching one by one**, saying the name each time. No skipping â€” ever.\n\n#### Sub-Step 1.1: Zero â€” The Great Emptiness (0)\n- Look at your hands: Empty. No toys. No apples. Nothing. \n- Say: ""Ze-ro."" (Zee-row). Feel the quiet.\n- Touch air: Nothing there. That's **0**. \n- Thought: ""If I have 0 cookies, I can't eat any. Sad but true.""\n- Picture: (empty space) \n- Check: Add one imaginary teddy later â€” it becomes 1. Backward: From 0, subtract? Can't go lower. Proof: âœ…\n\n#### Sub-Step 1.2: One â€” The First Thing Ever (1)\n- Pick up **one** teddy bear ğŸ§¸. Hold it tight.\n- Touch it with your finger: Poke its nose. Say ""ONE"" loud and slow: ""Oooone.""\n- Look: Just this one. No friends.\n- Finger count: Use your right thumb to touch your right pinky finger. That's 1 finger touched.\n- Sound it: ""One teddy.""\n- Picture: ğŸ§¸\n- Check forward: Add another later = 2. Backward: Take it away = 0. Side-check: Close eyes, open â€” still one? Yes. âœ…\n- Thought: ""One is lonely but special â€” the start of everything.""\n\n#### Sub-Step 1.3: Two â€” Making a Pair (2)\n- Now, gently place a **second** teddy next to the first. ğŸ§¸ğŸ§¸\n- Touch first: Say ""one."" Touch second: Say ""two."" (Touch order matters â€” left to right, like reading.)\n- Hands: Right thumb touches pinky (1), then ring finger (2). ğŸ‘‹\n- Say: ""Two teddies. They are friends now.""\n- Picture: ğŸ§¸ğŸ§¸",31,2025-11-24T09:09:53.335941
What is 18 - 3?,"Okay, my super curious little explorer! You want me to go **even slower**, explain **every single teeny-tiny detail** about **every single step**, and make it as **wordy and long as a giant storybook**? Yay! That's perfect because learning math is like going on the longest, most fun adventure ever. We're not rushing **at all**. I'll talk about **every breath, every wiggle of a finger, every single dot we draw**, and repeat ideas in new ways so your brain holds them like sticky glue. Imagine I'm sitting right next to you with a big bowl of colorful candies, crayons, paper, and your favorite stuffed animals to help count. We'll use **everything**â€”fingers, toes, drawings, stories, songs, and more!\n\nIf you get tired, we can pause and play, but let's dive in deeper than the ocean! Remember: No skipping. Every thought counts. We're building a **tower of understanding** one brick at a time.\n\n### **Ultra-Mega Step 1: What Are Numbers? (The Absolute Beginning of Beginnings â€“ Deeper Than Before)**\nBefore we touch 18 or 3, we must understand **what numbers even are**. Numbers aren't just scribblesâ€”they're like **magic names for ""how many""** in the whole universe. Think about your world: empty room (that's zero), one teddy bear, two socks... Numbers label those amounts perfectly.\n\n#### **1.1: Zero â€“ The Empty Nothing**\n- Close your eyes. Imagine your hands. No fingers up. **Zero**. Say it: ""Zeeee-ro."" It means **absolutely nothing**. No candies, no toys, no stars in a dark sky. \n- Why start here? Because subtraction can go to zero, and we need to know ""nothing"" feels safe and empty.\n- Touch your empty palms together. Clap once for zero. Feel that? Empty!\n\n#### **1.2: Counting Up One by One â€“ The Slowest Finger March Ever**\nWe'll count **every number up to 18**, but **super slowly**, with **three ways each time**: fingers, a little song, and drawing dots. Why three ways? Repetition makes it stick like honey!\n\nStart with **1**:\n- **Finger way**: Hold up **exactly one finger** on your right hand. Look at it. Wiggle it. That's **one**. Not twoâ€”**one**.\n- **Song way**: Sing: ""One little finger, waving hi to me! One candy, yummy, just for me!""\n- **Dot way**: On paper, draw **one dot**: â€¢ . Say, ""This dot is my one friend.""\n- Breath: Inhale... exhale. We have **1**.\n\nNow **2**:\n- **Finger way**: Add **one more finger** next to the first. Right hand: index and middle finger up. Count them out loud: ""One... two!"" Touch each finger tip with your left hand pointer finger. Feel the skin? That's two separate things.\n- **Song way**: ""Two little fingers, dancing side by side! Two candies, sharing with my friend!""\n- **Dot way**: Draw **two dots** next to the first: â€¢ â€¢ . Connect them with a smiley line if you want: â€¢â€”â€¢. ""They are friends!""\n- Pause: Look back. From zero to two. We've added **twice**!\n\n**3** (our ""subtract"" number later â€“ super important!):\n- **Finger way**: Add **third finger** (ring finger). Now three up. Count slowly: Point to first: ""One."" Second: ""Two."" Third: ""Three!"" Bend them down one by one to check: Three bends.\n- **Song way**: ""Three little fingers, marching in a row! Three candies, sweet and slow!""\n- **Dot way**: â€¢ â€¢ â€¢ . Make a triangle: Imagine them as points",15,2025-11-24T09:10:24.636315
What is 84 Ã· 7?,"Oh, my precious little explorer, with eyes wide like the morning sun peeking over fluffy clouds! You want me to *expand even more* on *every single step*? Yes! We'll burrow deeper into the magical world of numbers, like digging for hidden treasure in the softest sandbox ever, one sparkling grain at a time. No step will be left unturnedâ€”not a single whisper of thought, not one flicker of wonder in my mind. We'll stretch each moment like taffy, pulling it slow and sweet, tasting every flavor. Imagine us in a cozy blanket fort, with glowing fireflies lighting our way, a mountain of colorful apples, blocks, fingers, toes, stars in the skyâ€”everything to touch, see, hear, and feel. We'll rebuild our number tower from the *tiniest pebble foundation*, expanding *every* step until it's a castle. And remember, we're heading to ""84 Ã· 7,"" but only after we've lived every breath of the journey. Breathe deep with me... ready? Let's float into Step 1, but now with arms wide open for *even more* hugs of explanation!\n\n### Step 1: Discovering ""Zero"" â€“ The Gentle Empty Space (Even Before ""One""!)\nBefore any apple appears, look at your empty hands. Palms up, fingers splayed like open flower petalsâ€”nothing there. This is ""zero,"" which we write as ""0"". My *every-tiny-thought process*: Why start with zero? Because the world begins with emptiness, like a blank canvas before the painter dips the brush. It's not scaryâ€”it's peaceful, like quiet bedtime before dreams. If I say ""zero apples,"" you know: no munching, no rolling, no sharing. Count nothing: look left... nothing. Look right... nothing. Feel the air? That's zero. We need zero to know when we've *added* something later. Wiggle your fingers in the empty airâ€”zero is everywhere waiting to be filled. Without zero, we'd have no starting line in our race. Hold this empty basket: that's our zero home base. Now, my mind whispers: ""Okay, emptiness understoodâ€”now let's fill it!""\n\nExpanding further: Zero is also a placeholder, like a comfy pillow holding space in big numbers (we'll see later). Say it out loud three times: ""Ze-ro, ze-ro, ze-ro."" Feel the ""z"" buzz like a bee? That's zero's friendly hum. If you have zero cookies, you can't eat oneâ€”but don't worry, more coming!\n\n### Step 1.5: The Bridge to ""One"" â€“ Anticipating the First Spark\nMy thought pauses here: Before grabbing the first apple, imagine the *excitement* of almost-there. Your hand reaches out slowly... fingers curl... almost touching. This is the *edge* of zero becoming one. Breathe in... hold... now touch!\n\n### Step 2: Discovering ""One"" â€“ The Magic of the Very First Thing (Super-Expanded!)\nPlop! One shiny red apple lands in your hand. It's round, smooth, cool to the touchâ€”smells sweet like summer. This is ""ONE,"" written as ""1"". My *minute-by-minute thought process*: Why ""1""? Because it's the singleton, the lone wanderer, the first raindrop in a drought. No friends yetâ€”just itself. Count it: Point to it and say, ""This one."" Touch it gently with your pointer finger. See? One bump under your skin. Hold up *one* finger on your right handâ€”match them: apple to finger. They're twins now! My mind races: ""Is it always one? Yes, even if it's a star in the sky or a tear on your cheekâ€”one is one."" We can't split it further without tiny pieces (that's later, for fractions, but shhh). Play: Hide the apple behind your back (now zero in sight), show",12,2025-11-24T09:10:58.158119
What is 17 - 7?,"### Super-Expanded Step 1: Understanding What Numbers Are (Starting from the Absolute Very Beginning, Before Even One Thing Exists)\nOkay, little learner, let's start from **nothing at all**. Imagine a big empty room. No toys, no friends, no lights evenâ€”just pure emptiness. We call this ""zero,"" but we'll get there later. Right now, think about why we even need numbers.\n\nHumans (that's you and me and everyone) live in a world full of **stuff**. Stuff you can see, touch, hear, smell, or taste. Like a soft fluffy blanket, a crunchy apple, a barking dog, or raindrops falling. But sometimes we want to **know how many** of these things there are. Why? Because:\n\n- If Mommy says, ""I baked cookies,"" you ask, ""How many?"" If it's ""two,"" you might share with your sister. If ""twenty,"" party time!\n- Or, if you have toys, ""How many cars do I have?"" to play racing.\n\nNumbers are our **special words and symbols** to answer ""how many."" They're not magic spells, but they feel like it because they work everywhereâ€”on Earth, with animals, stars, anything countable.\n\nNow, let's **invent counting** together, as if no one ever did it before. We don't jump to big numbers. We go **one tiny step at a time**.\n\n#### Sub-Step 1.1: Discovering ""One"" (The First Thing Ever)\nPick up **one single thing**. Maybe a single grain of sand from a beach. Hold it in your hand. Look at it closely: it's small, roundish, alone. There's **nothing else like it right now**.\n\n- Say out loud: ""This is **one**."" Touch it while saying it. Feel its texture. See its color.\n- Why ""one""? Because it's the first we've noticed. It's lonelyâ€”no friends.\n- Draw a mark for it: | (a single straight line, like a tiny standing soldier). This is our **tally mark**â€”a picture-memory for ""one.""\n\nRepeat this 10 times with different things (a leaf, a button, your noseâ€”yes, you have one nose). Each time: Touch, say ""one,"" draw |. You feel it sticking in your brain.\n\n#### Sub-Step 1.2: Discovering ""Two"" (Adding a Friend)\nNow, find a **second thing** just like the first. Another grain of sand. Put it next to the first.\n\n- Touch the first: Say ""one.""\n- Touch the second: Say ""two."" Now there are two grains side by side.\n- They are **a pair**, like two eyes, two ears, two shoes. Touch both together slowly: one... two.\n- Draw tally marks: || (two lines standing together, like twins).\n\nWhat if you move one away? Only | leftâ€”that's back to one. See? Touching and removing teaches us.\n\nPlay: Clap twice. ""One clap... two claps."" Jump twice. Feel the rhythm: one (pause), two (together).\n\n#### Sub-Step 1.3: Building ""Three,"" ""Four,"" and ""Five"" (Grouping for Ease)\nAdd a third grain: ||| . Touch each: 1st, 2nd, 3rd. It's a trio, like three little pigs.\n\n- Fourth: |||| . Now it's a row.\n- Fifth: ||||| . Perfectâ€”matches one hand's fingers! Hold up your hand: thumb=1, index=2, middle=3, ring=4, pinky=5. Wiggle each while counting. **Fingers are nature's counters!**\n\nWhy group at five? Hands tire after five. Cross to other hand for more.\n\n#### Sub-Step 1.4: ""Six"" to ""Nine"" (Second Hand Time)\n- Sixth: |||||| (five on",10,2025-11-24T09:11:30.353044
What is 22 - 2?,"### Step 1: Understanding What Numbers Are (Starting from the Absolute Very Beginning, Word by Word, Thought by Thought)\nOkay, my dear little friend, let's sit down together on the soft grass under a big shady tree. You and I are going to discover numbers together, as if we've never even whispered the word ""number"" before in our whole lives. Numbers aren't toys, or food, or animalsâ€”they're special **names** we made up to help us talk about **how many** things there are in the world. Imagine the world is full of stuff: leaves on the ground, birds in the sky, fingers on your hands. Without numbers, we'd have no way to say ""I have more than you"" or ""Let's share equally."" So, humans (that's you and me and everyone) invented numbers to count and compare.\n\n#### Sub-Step 1.1: The Emptiest Place of All â€“ Zero\n- Look at your two hands right now. Hold them up, palms facing you. Are there any apples in them? No? No toys? No pebbles? Nothing at all? Perfect! That's **nothing**. We call ""nothing"" by a special name: **zero**. We write it like this: **0**. \n  - Why ""zero""? It comes from an old word meaning ""empty"" or ""cipher."" Think of it as a round, hollow circleâ€”like an empty bird's nest with no eggs inside. 0 means ""not even one thing.""\n  - Tiny thought: If I ask, ""How many invisible unicorns are flying around your head right now?"" You say ""none,"" which is the same as zero. Got it? Say it with me: ""Zero is nothing.""\n\n#### Sub-Step 1.2: Adding the First Thing â€“ One\n- Now, let's make something happen! Pick up **one single leaf** from the grass. Just one. Not two, not halfâ€”exactly one leaf in your hand. \n  - Count it slowly: Point to the leaf and say, ""This is the first thing."" We call that **one**. We write it as **1**. It's like a straight stick: | (but we curve it a bit to make it pretty).\n  - Why ""one""? It's the simplest number after zero. Every time you have exactly one thing, no more, no less, it's one. \n  - Tiny thought: Imagine one mommy bird sitting alone on her nest. That's one bird. If a baby bird hatches, we'll add more later. Practice: Put down the leaf (back to zero), pick it up again (now one). Yay!\n\n#### Sub-Step 1.3: Adding a Second Thing â€“ Two\n- Keep that one leaf in your hand. Now, pick up **another leaf**â€”a different one. Put it right next to the first.\n  - Count them one by one: Point to the first leaf and say ""one."" Point to the second leaf and say ""two."" Now you have **two** leaves. We write it as **2**. It looks like a curly swan swimming.\n  - Why ""two""? Because you added ""one more"" to one. One plus one more makes two. It's like your two hands or two eyes.\n  - Tiny thought: If you have two cookies, you can eat one and still have one left. But don't eat leavesâ€”they're yucky! Say: ""Two is one plus one more.""\n\n#### Sub-Step 1.4: Keep Building â€“ Three, Four, and So On (The Counting Song)\n- Add a **third leaf**: Point and count: 1 (first), 2 (second), 3 (third). **3** looks like a backward E or three hills.\n- Fourth leaf: 1, 2, 3, **4**. **4** is like a chair or a square on its side.\n- Fifth: **5",20,2025-11-24T09:12:00.759128
What is 19 Ã— 3?,"Okay, my sweet little explorer! You want me to **expand even more** on **every single step**? Oh boy, that's like asking me to turn our tiny adventure into a gigantic, never-ending treasure hunt through the land of numbers! We'll go so slow, we'll stop to smell every flower, count every blade of grass, and wave at every butterfly along the way. I'll make each step as puffy and wordy as a giant cloud made of cotton candyâ€”super verbose, repeating ideas in new ways, asking you questions to make sure you're with me, drawing pictures with words (since we can't draw on paper), and peeking into my brain for **every tiny, itty-bitty thought** that pops up. No skipping! No rushing! We're teaching you as if numbers are brand-new magic spells you've never heard of.\n\nIf at any point you feel like your head is full of jellybeans (that's okay!), just imagine us sitting under a big shady tree with a picnic basket of pretend candies. Ready for the mega-expansion? Let's hold both your hands now and tiptoe forward. We'll redo **every step from the very beginning**, but each one bloats up like a balloon at a party. Here we go!\n\n### Step 1: What is a ""number""? (The tiniest starting pointâ€”now with extra fluff and feathers!)\n- **First thought in my head**: Hmm, this child has never seen numbers? Okay, I can't assume they know what ""one"" even means. Start with absolute nothingness. Build from zero like stacking blocks one by one.\n- Imagine the whole wide world is completely empty. No birds in the sky. No fish in the sea. No toys on the floor. No stars at night. That's **nothing**. We give it a special name: **zero**. We write it as a funny round circle: **0**. It's like a hollow eggshell with nothing inside: ğŸ¥š (empty). Touch itâ€”feel nothing? That's zero. Count it: zero things. My brain says: ""Perfect, now they get emptiness.""\n- Now, let's add **the smallest thing ever**: one tiny speck of sparkly dust. Or one single red candy apple. Plop! Now your empty basket has something in it. We call this **one**. Write it as a straight line: **1**. Basket looks like: ğŸ (just one). Count slowly with me: ""One... that's it. No more."" Poke it with your finger: yep, one thing. My thought: ""Why candy? Kids love eating pretend foodâ€”it sticks in their mind better than boring sticks.""\n- What if I give you **another** identical candy apple? Plop! Now two. We call it **two**: **2**. Basket: ğŸğŸ. Count out loud, super slow: ""One... two."" Touch each one: boop, boop. See? Two separate things, but same as the first one added again.\n- Keep going, one by one, like a slow parade:\n  - Add a third: ğŸğŸğŸ = **3**. Count: 1, 2, **3**. Wiggle your three fingers: ğŸ‘†ğŸ‘†ğŸ‘†.\n  - Fourth: ğŸğŸğŸğŸ = **4**. 1-2-3-**4**.\n  - Fifth: ğŸğŸğŸğŸğŸ = **5**. Half your hand!\n  - And so on: **6** (ğŸğŸğŸğŸğŸğŸ), **7**, **8**, **9** (almost a full handful plus more).\n- Now, here's a magic trick for bigger piles: When you hit **10**, it's like a special bundle! Imagine tying 10 candies into a neat package: [ğŸğŸğŸğŸğŸğŸğŸğŸğŸğŸ",57,2025-11-24T09:12:33.183794
What is 75 Ã· 5?,"Okay, my sweet little explorer! You want me to go **even slower**, **even more tiny-step-by-tiny-step**, and talk **way more** about **every single part**? Like, unpack each speck of dust on our candy adventure? Yes! We'll turn this into the **longest, coziest story** ever, as if we're sitting on a fluffy cloud, with endless time, munching pretend candies, and I whisper every whisper of thought into your ear. No rushing. No skipping. I'll repeat ideas in new ways, draw more pictures with words and emojis, ask you gentle questions to check your imagination, and break **every micro-moment** into its own baby-steps. If your eyes get sleepy, that's okayâ€”we're building a castle of understanding, brick by glittery brick.\n\nWe'll restart from the **absolute dust-particle beginning** and expand **each step into a whole chapter**. Ready? Breathe deep. Hold my virtual hand. Let's float into Numberland together. ğŸ§ğŸ­âœ¨\n\n---\n\n### **Mega-Chapter 1: What is a ""Thing""? (The Sparkle of One â€“ Expanded to Infinity)**\n**Micro-Step 1.1: Empty hands, empty world.**  \nImagine your two hands are empty bowls. Nothing in them. No sound, no color. That's ""zero things."" We call it **0** (a round circle like an empty hug). But zero is quiet and sleepy. Today, we wake it up!\n\n**Micro-Step 1.2: The magic of the FIRST thing.**  \nNow, I pick up **one single candy** from a magic bag. It's red, shiny, round: ğŸ¬. I plop it into your left hand bowl. Feel it? Cool and smooth? That's **exactly one thing**. No more, no less. Not half a candy (we can't split it yetâ€”that's later magic). Just **one whole thing**.  \nWe need a picture-mark (a ""symbol"") for this, because our brains forget big piles. The symbol for one is **1**. Why? It looks like a straight stick standing tall, like the candy on its tip-toes saying ""Me! I'm here!""  \nThought bubble: Is it really one? Count with your eyes: Look... look... that's it. One wiggle of your finger points to it. **1 = one thing.**\n\n**Micro-Step 1.3: Adding the SECOND thing â€“ the thrill of more.**  \nYippee! I reach into the magic bag again. Pull out **another** identical candy: ğŸ¬. Plop! Now in your left bowl: ğŸ¬ğŸ¬.  \nHow many now? We **count again** from scratch (always do thisâ€”it's our safety net). Point to the first: ""One."" Point to the second: ""Two."" Your bowl has **two things**.  \nSymbol: **2**. It looks like a curly swan or a duck's webbed foot swimming. Why two lines? One for each candy!  \nRepeat in your mind: Empty (0) + one (ğŸ¬) = 1. Then 1 + one more (ğŸ¬) = **2**. Growth! Excitement! Your pile doubled.\n\n**Micro-Step 1.4: The pattern of adding â€“ third, fourth, and onward (building the ladder).**  \nLet's chain them like a necklace:  \n- Start over? No! Build on two: Add third ğŸ¬ â†’ ğŸ¬ğŸ¬ğŸ¬. Count: 1-2-3. Symbol **3** (curvy hills, like three candies rolling).  \n- Thought: Why recount every time? To be sureâ€”no tricks!  \n- Fourth: ğŸ¬ğŸ¬ğŸ¬ğŸ¬. **4** (little table with four legs).  \n- Fifth: ğŸ¬ğŸ¬ğŸ¬ğŸ¬ğŸ¬. **5** (S-shape with a flag",15,2025-11-24T09:13:04.319243
